Time spent:,,Tasks:,Total hours:,12,
,,,,,
3,,General analysis,,,
4,,Purchase screen on app launch,,,
2,,Onboarding,,,
1,,Logo,,,
0.5,,App Store title and screenshots,,,
1.5,,Final edits for clarity and information presentation,,,
,,,,,
,,,,,
,,,,,
,,,,,
,,,,,
,,,,,"The App Store title and screenshots were developed during the general analysis phase. Apart from the purchase screen at app launch, everything else was already conceptualized as part of the overall analysis, which is why the purchase screen required the most time."
